user1@mail.cl, user, 11111111-1, clave1
user2@mail.cl, user, 11111111-1, clave2
user3@mail.cl, user, 11111111-1, clave3
user4@mail.cl, user, 11111111-1, clave4
user5@mail.cl, user, 11111111-1, clave5
user6@mail.cl, user, 11111111-1, clave6
user7@mail.cl, user, 11111111-1, clave7
user8@mail.cl, user, 11111111-1, clave8
user9@mail.cl, user, 11111111-1, clave9
user10@mail.cl, user, 11111111-1, clave10
user11@mail.cl, user, 11111111-1, clave11
user12@mail.cl, user, 11111111-1, clave12
user13@mail.cl, user, 11111111-1, clave13
user14@mail.cl, user, 11111111-1, clave14
user15@mail.cl, user, 11111111-1, clave15
user16@mail.cl, user, 11111111-1, clave16
user17@mail.cl, user, 11111111-1, clave17
user18@mail.cl, user, 11111111-1, clave18
user19@mail.cl, user, 11111111-1, clave19
user20@mail.cl, user, 11111111-1, clave20
user21@mail.cl, user, 11111111-1, clave21
user22@mail.cl, user, 11111111-1, clave22
user23@mail.cl, user, 11111111-1, clave23
user24@mail.cl, user, 11111111-1, clave24
user25@mail.cl, user, 11111111-1, clave25
user26@mail.cl, user, 11111111-1, clave26
user27@mail.cl, user, 11111111-1, clave27
user28@mail.cl, user, 11111111-1, clave28
user29@mail.cl, user, 11111111-1, clave29
user30@mail.cl, user, 11111111-1, clave30
user31@mail.cl, user, 11111111-1, clave31
user32@mail.cl, user, 11111111-1, clave32
user33@mail.cl, user, 11111111-1, clave33
user34@mail.cl, user, 11111111-1, clave34
user35@mail.cl, user, 11111111-1, clave35
user36@mail.cl, user, 11111111-1, clave36
user37@mail.cl, user, 11111111-1, clave37
user38@mail.cl, user, 11111111-1, clave38
user39@mail.cl, user, 11111111-1, clave39
user40@mail.cl, user, 11111111-1, clave40
user41@mail.cl, user, 11111111-1, clave41
user42@mail.cl, user, 11111111-1, clave42
user43@mail.cl, user, 11111111-1, clave43
user44@mail.cl, user, 11111111-1, clave44
user45@mail.cl, user, 11111111-1, clave45
user46@mail.cl, user, 11111111-1, clave46
user47@mail.cl, user, 11111111-1, clave47
user48@mail.cl, user, 11111111-1, clave48
user49@mail.cl, user, 11111111-1, clave49
user50@mail.cl, user, 11111111-1, clave50
user51@mail.cl, user, 11111111-1, clave51
user52@mail.cl, user, 11111111-1, clave52
user53@mail.cl, user, 11111111-1, clave53
user54@mail.cl, user, 11111111-1, clave54
user55@mail.cl, user, 11111111-1, clave55
user56@mail.cl, user, 11111111-1, clave56
user57@mail.cl, user, 11111111-1, clave57
user58@mail.cl, user, 11111111-1, clave58
user59@mail.cl, user, 11111111-1, clave59
user60@mail.cl, user, 11111111-1, clave60
user61@mail.cl, user, 11111111-1, clave61
user62@mail.cl, user, 11111111-1, clave62
user63@mail.cl, user, 11111111-1, clave63
user64@mail.cl, user, 11111111-1, clave64
user65@mail.cl, user, 11111111-1, clave65
user66@mail.cl, user, 11111111-1, clave66
user67@mail.cl, user, 11111111-1, clave67
user68@mail.cl, user, 11111111-1, clave68
user69@mail.cl, user, 11111111-1, clave69
user70@mail.cl, user, 11111111-1, clave70
user71@mail.cl, user, 11111111-1, clave71
user72@mail.cl, user, 11111111-1, clave72
user73@mail.cl, user, 11111111-1, clave73
user74@mail.cl, user, 11111111-1, clave74
user75@mail.cl, user, 11111111-1, clave75
user76@mail.cl, user, 11111111-1, clave76
user77@mail.cl, user, 11111111-1, clave77
user78@mail.cl, user, 11111111-1, clave78
user79@mail.cl, user, 11111111-1, clave79
user80@mail.cl, user, 11111111-1, clave80
user81@mail.cl, user, 11111111-1, clave81
user82@mail.cl, user, 11111111-1, clave82
user83@mail.cl, user, 11111111-1, clave83
user84@mail.cl, user, 11111111-1, clave84
user85@mail.cl, user, 11111111-1, clave85
user86@mail.cl, user, 11111111-1, clave86
user87@mail.cl, user, 11111111-1, clave87
user88@mail.cl, user, 11111111-1, clave88
user89@mail.cl, user, 11111111-1, clave89
user90@mail.cl, user, 11111111-1, clave90
user91@mail.cl, user, 11111111-1, clave91
user92@mail.cl, user, 11111111-1, clave92
user93@mail.cl, user, 11111111-1, clave93
user94@mail.cl, user, 11111111-1, clave94
user95@mail.cl, user, 11111111-1, clave95
user96@mail.cl, user, 11111111-1, clave96
user97@mail.cl, user, 11111111-1, clave97
user98@mail.cl, user, 11111111-1, clave98
user99@mail.cl, user, 11111111-1, clave99
user100@mail.cl, user, 11111111-1, clave100
user101@mail.cl, user, 11111111-1, clave101
user102@mail.cl, user, 11111111-1, clave102
user103@mail.cl, user, 11111111-1, clave103
user104@mail.cl, user, 11111111-1, clave104
user105@mail.cl, user, 11111111-1, clave105
user106@mail.cl, user, 11111111-1, clave106
user107@mail.cl, user, 11111111-1, clave107
user108@mail.cl, user, 11111111-1, clave108
user109@mail.cl, user, 11111111-1, clave109
user110@mail.cl, user, 11111111-1, clave110
user111@mail.cl, user, 11111111-1, clave111
user112@mail.cl, user, 11111111-1, clave112
user113@mail.cl, user, 11111111-1, clave113
user114@mail.cl, user, 11111111-1, clave114
user115@mail.cl, user, 11111111-1, clave115
user116@mail.cl, user, 11111111-1, clave116
user117@mail.cl, user, 11111111-1, clave117
user118@mail.cl, user, 11111111-1, clave118
user119@mail.cl, user, 11111111-1, clave119
user120@mail.cl, user, 11111111-1, clave120
user121@mail.cl, user, 11111111-1, clave121
user122@mail.cl, user, 11111111-1, clave122
user123@mail.cl, user, 11111111-1, clave123
user124@mail.cl, user, 11111111-1, clave124
user125@mail.cl, user, 11111111-1, clave125
user126@mail.cl, user, 11111111-1, clave126
user127@mail.cl, user, 11111111-1, clave127
user128@mail.cl, user, 11111111-1, clave128
user129@mail.cl, user, 11111111-1, clave129
user130@mail.cl, user, 11111111-1, clave130
