username,password
user1@mail.cl,clave1
user2@mail.cl,clave2
user3@mail.cl,clave3
user4@mail.cl,clave4
user5@mail.cl,clave5
user6@mail.cl,clave6
user7@mail.cl,clave7
user8@mail.cl,clave8
user9@mail.cl,clave9
user10@mail.cl,clave10
user11@mail.cl,clave11
user12@mail.cl,clave12
user13@mail.cl,clave13
user14@mail.cl,clave14
user15@mail.cl,clave15
user16@mail.cl,clave16
user17@mail.cl,clave17
user18@mail.cl,clave18
user19@mail.cl,clave19
user20@mail.cl,clave20
user21@mail.cl,clave21
user22@mail.cl,clave22
user23@mail.cl,clave23
user24@mail.cl,clave24
user25@mail.cl,clave25
user26@mail.cl,clave26
user27@mail.cl,clave27
user28@mail.cl,clave28
user29@mail.cl,clave29
user30@mail.cl,clave30
user31@mail.cl,clave31
user32@mail.cl,clave32
user33@mail.cl,clave33
user34@mail.cl,clave34
user35@mail.cl,clave35
user36@mail.cl,clave36
user37@mail.cl,clave37
user38@mail.cl,clave38
user39@mail.cl,clave39
user40@mail.cl,clave40
user41@mail.cl,clave41
user42@mail.cl,clave42
user43@mail.cl,clave43
user44@mail.cl,clave44
user45@mail.cl,clave45
user46@mail.cl,clave46
user47@mail.cl,clave47
user48@mail.cl,clave48
user49@mail.cl,clave49
user50@mail.cl,clave50
user51@mail.cl,clave51
user52@mail.cl,clave52
user53@mail.cl,clave53
user54@mail.cl,clave54
user55@mail.cl,clave55
user56@mail.cl,clave56
user57@mail.cl,clave57
user58@mail.cl,clave58
user59@mail.cl,clave59
user60@mail.cl,clave60
user61@mail.cl,clave61
user62@mail.cl,clave62
user63@mail.cl,clave63
user64@mail.cl,clave64
user65@mail.cl,clave65
user66@mail.cl,clave66
user67@mail.cl,clave67
user68@mail.cl,clave68
user69@mail.cl,clave69
user70@mail.cl,clave70
user71@mail.cl,clave71
user72@mail.cl,clave72
user73@mail.cl,clave73
user74@mail.cl,clave74
user75@mail.cl,clave75
user76@mail.cl,clave76
user77@mail.cl,clave77
user78@mail.cl,clave78
user79@mail.cl,clave79
user80@mail.cl,clave80
user81@mail.cl,clave81
user82@mail.cl,clave82
user83@mail.cl,clave83
user84@mail.cl,clave84
user85@mail.cl,clave85
user86@mail.cl,clave86
user87@mail.cl,clave87
user88@mail.cl,clave88
user89@mail.cl,clave89
user90@mail.cl,clave90
user91@mail.cl,clave91
user92@mail.cl,clave92
user93@mail.cl,clave93
user94@mail.cl,clave94
user95@mail.cl,clave95
user96@mail.cl,clave96
user97@mail.cl,clave97
user98@mail.cl,clave98
user99@mail.cl,clave99
user100@mail.cl,clave100
user101@mail.cl,clave101
user102@mail.cl,clave102
user103@mail.cl,clave103
user104@mail.cl,clave104
user105@mail.cl,clave105
user106@mail.cl,clave106
user107@mail.cl,clave107
user108@mail.cl,clave108
user109@mail.cl,clave109
user110@mail.cl,clave110
user111@mail.cl,clave111
user112@mail.cl,clave112
user113@mail.cl,clave113
user114@mail.cl,clave114
user115@mail.cl,clave115
user116@mail.cl,clave116
user117@mail.cl,clave117
user118@mail.cl,clave118
user119@mail.cl,clave119
user120@mail.cl,clave120
user121@mail.cl,clave121
user122@mail.cl,clave122
user123@mail.cl,clave123
user124@mail.cl,clave124
user125@mail.cl,clave125
user126@mail.cl,clave126
user127@mail.cl,clave127
user128@mail.cl,clave128
user129@mail.cl,clave129
user130@mail.cl,clave130
